,Index,Project ID,visit_no,p-value,trend
0,3,JV3994,1.0,0.039021,increasing
1,4,GV3647,1.0,0.080645,no trend
2,5,WA0589,1.0,0.127833,no trend
3,6,AH3026,4.0,0.198564,no trend
4,7,QF1860,2.0,0.535599,no trend
5,8,FM2255,1.0,0.588643,no trend
6,9,DA1324,1.0,0.643625,no trend
7,10,XZ2214,1.0,0.728637,no trend
8,11,TM2287,2.0,0.973047,no trend
